link,name
bitcoin,Bitcoin
ethereum,Ethereum
ripple,XRP
bitcoin-cash,Bitcoin Cash
eos,EOS
stellar,Stellar
litecoin,Litecoin
cardano,Cardano
monero,Monero
tether,Tether
tron,TRON
dash,Dash
iota,IOTA
binance-coin,Binance Coin
neo,NEO
ethereum-classic,Ethereum Classic
nem,NEM
tezos,Tezos
zcash,Zcash
vechain,VeChain
bitcoin-gold,Bitcoin Gold
maker,Maker
omisego,OmiseGO
0x,0x
dogecoin,Dogecoin
basic-attention-token,Basic Attenti...
qtum,Qtum
decred,Decred
ontology,Ontology
lisk,Lisk
zilliqa,Zilliqa
aeternity,Aeternity
bitcoin-diamond,Bitcoin Diamond
bitshares,BitShares
nano,Nano
bytecoin-bcn,Bytecoin
icon,ICON
siacoin,Siacoin
pundi-x,Pundi X
digibyte,DigiByte
steem,Steem
verge,Verge
bytom,Bytom
waves,Waves
aurora,Aurora
populous,Populous
chainlink,Chainlink
metaverse,Metaverse ETP
golem-network-tokens,Golem
augur,Augur
trueusd,TrueUSD
stratis,Stratis
holo,Holo
electroneum,Electroneum
usd-coin,USD Coin
komodo,Komodo
paxos-standard-token,Paxos Standar...
status,Status
waltonchain,Waltonchain
cryptonex,Cryptonex
maidsafecoin,MaidSafeCoin
wanchain,Wanchain
ardor,Ardor
iostoken,IOST
mithril,Mithril
kucoin-shares,KuCoin Shares
wax,WAX
aion,Aion
ravencoin,Ravencoin
nexo,Nexo
bancor,Bancor
decentraland,Decentraland
loopring,Loopring
eternal-token,ETERNAL TOKEN
digixdao,DigixDAO
ark,Ark
gxchain,GXChain
huobi-token,Huobi Token
polymath-network,Polymath
aelf,aelf
hypercash,HyperCash
reddcoin,ReddCoin
veritaseum,Veritaseum
pivx,PIVX
zencash,Horizen
qash,QASH
monacoin,MonaCoin
dai,Dai
moac,MOAC
crypto-com,Crypto.com
cybermiles,CyberMiles
dentacoin,Dentacoin
nxt,Nxt
loom-network,Loom Network
funfair,FunFair
nebulas-token,Nebulas
revain,Revain
theta-token,Theta Token
tenx,TenX
mixin,Mixin
