,0
0,Kannman«BabylonBerlin»auchzeitversetztschauen?
1,GewissheitumletztenWillenNationalesRegisterfürOrganspendelanciert
2,CharlesAznavouristtot
3,CEOvonJuventusgeht–GerüchteumZidanemehrensich
4,RomanBürki:VomRisikofaktorzumBollwerk
5,"Slapstick,Sixpack,Sonntagsschuss!"
6,WeshalbwurdendieMenschenvonderWelleüberrascht?
7,Über1200Totebefürchtet
8,DiegrosseVorfreudeaufdie«Menschenwand»
9,TraumlosfürFCZ-Frauen
10,Italienkandidiertnundochfür2026
11,MitdiesenTippswirstduPilzsammler-Pro
12,AugenaufbeimPilzesammeln
13,"«TheCleaners»:DieseBilligarbeiterlöschenFolter,SexundMord"
14,MaxHubacherüberseineRollealspsychischKranker
15,WiederHeisshungerderAmerikanerdieDonutslöcherte
16,WievielGentechnikstecktinunseremEssen?
17,FastFoodersterGüte:FrenchToastmitEtivaz
18,DigitaleEntgiftungwirdunsnichtheilen
19,LegtdasHandyweg!
20,MitUrsulaBrunnerbekamdasElendamPlatzspitzeinGesicht
21,ZürichJunkietown
22,GrandTourderSchweiz:VonZürichinsBernerOberland
23,GrandTourderSchweiz:VomJurabisinsWallis
24,Vor50JahrenwurdedasSchweizerFernsehenfarbig
25,EswerdeFarbe!–50JahreFarbfernsehen
26,VondiesemGeorgierkriegeichdenFlattermann
27,Wegen«Marlène»bleibtPhilippeDjianKultfürmich!
28,"Wettbewerb""DieidealeSekretärin""(1969)"
29,TouristenreisendurchdieSchweizinzweiTagen(1970)
30,FeriensportlagerinFiesch(1987)
31,WiesiehtIhrServicepublicaus?
32,DiehöchsteDreiseilbahnderWeltisteröffnet
33,LuganotrotztdemFCBaseleinenPunktab
34,DonaldTrumpmachteineLiebeserklärung
35,"Tagesschauvom30.09.2018,19:30"
36,DieZahlderOpfersteigt
37,EindrücklicheBilderinder«Höll»kurzvordemZiel
38,SionistdankeinemSieginLuzernnichtmehrdasSchlusslicht
39,MeteoamMittagvom01.10.2018
40,TagesschauMittagvom01.10.2018
41,Lena-LiebemeinesLebensvom01.10.2018
42,DrohnenamFrankfurterNachthimmel
43,WiesomussderMenschWassertrinken?
44,Sanogo:«Wirsindnichtnervös»
45,Fassnacht:«Wirmüssenrealistischbleiben.»
46,DiehöchsteDreiseilbahnderWeltisteröffnet
47,DieZahlderOpfersteigt
48,BabylonBerlin(Folge1/16)
49,TagesschauMittagvom01.10.2018
